{
  "kind": "collectionType",
  "collectionName": "images",
  "info": {
    "name": "Pictogramme",
    "description": ""
  },
  "options": {
    "increments": true,
    "timestamps": true,
    "draftAndPublish": false
  },
  "pluginOptions": {},
  "attributes": {
    "code": {
      "type": "string",
      "required": true,
      "unique": true
    },
    "file": {
      "model": "file",
      "via": "related",
      "allowedTypes": [
        "images"
      ],
      "plugin": "upload",
      "required": false,
      "pluginOptions": {}
    },
    "label": {
      "type": "string"
    }
  }
}
