{
  "paths": {
    "/couleurs": {
      "get": {
        "deprecated": false,
        "description": "Find all the couleurs's records",
        "responses": {
          "200": {
            "description": "Retrieve couleurs document(s)",
            "content": {
              "application/json": {
                "schema": {
                  "type": "array",
                  "items": {
                    "$ref": "#/components/schemas/Couleurs"
                  }
                }
              }
            }
          },
          "403": {
            "description": "Forbidden",
            "content": {
              "application/json": {
                "schema": {
                  "$ref": "#/components/schemas/Error"
                }
              }
            }
          },
          "404": {
            "description": "Not found",
            "content": {
              "application/json": {
                "schema": {
                  "$ref": "#/components/schemas/Error"
                }
              }
            }
          },
          "default": {
            "description": "unexpected error",
            "content": {
              "application/json": {
                "schema": {
                  "$ref": "#/components/schemas/Error"
                }
              }
            }
          }
        },
        "summary": "",
        "tags": [
          "Couleurs"
        ],
        "parameters": [
          {
            "name": "_limit",
            "in": "query",
            "required": false,
            "description": "Maximum number of results possible",
            "schema": {
              "type": "integer"
            },
            "deprecated": false
          },
          {
            "name": "_sort",
            "in": "query",
            "required": false,
            "description": "Sort according to a specific field.",
            "schema": {
              "type": "string"
            },
            "deprecated": false
          },
          {
            "name": "_start",
            "in": "query",
            "required": false,
            "description": "Skip a specific number of entries (especially useful for pagination)",
            "schema": {
              "type": "integer"
            },
            "deprecated": false
          },
          {
            "name": "=",
            "in": "query",
            "required": false,
            "description": "Get entries that matches exactly your input",
            "schema": {
              "type": "string"
            },
            "deprecated": false
          },
          {
            "name": "_ne",
            "in": "query",
            "required": false,
            "description": "Get records that are not equals to something",
            "schema": {
              "type": "string"
            },
            "deprecated": false
          },
          {
            "name": "_lt",
            "in": "query",
            "required": false,
            "description": "Get record that are lower than a value",
            "schema": {
              "type": "string"
            },
            "deprecated": false
          },
          {
            "name": "_lte",
            "in": "query",
            "required": false,
            "description": "Get records that are lower than or equal to a value",
            "schema": {
              "type": "string"
            },
            "deprecated": false
          },
          {
            "name": "_gt",
            "in": "query",
            "required": false,
            "description": "Get records that are greater than a value",
            "schema": {
              "type": "string"
            },
            "deprecated": false
          },
          {
            "name": "_gte",
            "in": "query",
            "required": false,
            "description": "Get records that are greater than  or equal a value",
            "schema": {
              "type": "string"
            },
            "deprecated": false
          },
          {
            "name": "_contains",
            "in": "query",
            "required": false,
            "description": "Get records that contains a value",
            "schema": {
              "type": "string"
            },
            "deprecated": false
          },
          {
            "name": "_containss",
            "in": "query",
            "required": false,
            "description": "Get records that contains (case sensitive) a value",
            "schema": {
              "type": "string"
            },
            "deprecated": false
          },
          {
            "name": "_in",
            "in": "query",
            "required": false,
            "description": "Get records that matches any value in the array of values",
            "schema": {
              "type": "array",
              "items": {
                "type": "string"
              }
            },
            "deprecated": false
          },
          {
            "name": "_nin",
            "in": "query",
            "required": false,
            "description": "Get records that doesn't match any value in the array of values",
            "schema": {
              "type": "array",
              "items": {
                "type": "string"
              }
            },
            "deprecated": false
          }
        ]
      },
      "post": {
        "deprecated": false,
        "description": "Create a new couleurs record",
        "responses": {
          "200": {
            "description": "Retrieve couleurs document(s)",
            "content": {
              "application/json": {
                "schema": {
                  "$ref": "#/components/schemas/Couleurs"
                }
              }
            }
          },
          "403": {
            "description": "Forbidden",
            "content": {
              "application/json": {
                "schema": {
                  "$ref": "#/components/schemas/Error"
                }
              }
            }
          },
          "404": {
            "description": "Not found",
            "content": {
              "application/json": {
                "schema": {
                  "$ref": "#/components/schemas/Error"
                }
              }
            }
          },
          "default": {
            "description": "unexpected error",
            "content": {
              "application/json": {
                "schema": {
                  "$ref": "#/components/schemas/Error"
                }
              }
            }
          }
        },
        "summary": "",
        "tags": [
          "Couleurs"
        ],
        "requestBody": {
          "description": "",
          "required": true,
          "content": {
            "application/json": {
              "schema": {
                "$ref": "#/components/schemas/NewCouleurs"
              }
            }
          }
        }
      }
    },
    "/couleurs/count": {
      "get": {
        "deprecated": false,
        "description": "Retrieve the number of couleurs documents",
        "responses": {
          "200": {
            "description": "Retrieve couleurs document(s)",
            "content": {
              "application/json": {
                "schema": {
                  "properties": {
                    "count": {
                      "type": "integer"
                    }
                  }
                }
              }
            }
          },
          "403": {
            "description": "Forbidden",
            "content": {
              "application/json": {
                "schema": {
                  "$ref": "#/components/schemas/Error"
                }
              }
            }
          },
          "404": {
            "description": "Not found",
            "content": {
              "application/json": {
                "schema": {
                  "$ref": "#/components/schemas/Error"
                }
              }
            }
          },
          "default": {
            "description": "unexpected error",
            "content": {
              "application/json": {
                "schema": {
                  "$ref": "#/components/schemas/Error"
                }
              }
            }
          }
        },
        "summary": "",
        "tags": [
          "Couleurs"
        ],
        "parameters": []
      }
    },
    "/couleurs/{id}": {
      "get": {
        "deprecated": false,
        "description": "Find one couleurs record",
        "responses": {
          "200": {
            "description": "Retrieve couleurs document(s)",
            "content": {
              "application/json": {
                "schema": {
                  "$ref": "#/components/schemas/Couleurs"
                }
              }
            }
          },
          "403": {
            "description": "Forbidden",
            "content": {
              "application/json": {
                "schema": {
                  "$ref": "#/components/schemas/Error"
                }
              }
            }
          },
          "404": {
            "description": "Not found",
            "content": {
              "application/json": {
                "schema": {
                  "$ref": "#/components/schemas/Error"
                }
              }
            }
          },
          "default": {
            "description": "unexpected error",
            "content": {
              "application/json": {
                "schema": {
                  "$ref": "#/components/schemas/Error"
                }
              }
            }
          }
        },
        "summary": "",
        "tags": [
          "Couleurs"
        ],
        "parameters": [
          {
            "name": "id",
            "in": "path",
            "description": "",
            "deprecated": false,
            "required": true,
            "schema": {
              "type": "string"
            }
          }
        ]
      },
      "put": {
        "deprecated": false,
        "description": "Update a single couleurs record",
        "responses": {
          "200": {
            "description": "Retrieve couleurs document(s)",
            "content": {
              "application/json": {
                "schema": {
                  "$ref": "#/components/schemas/Couleurs"
                }
              }
            }
          },
          "403": {
            "description": "Forbidden",
            "content": {
              "application/json": {
                "schema": {
                  "$ref": "#/components/schemas/Error"
                }
              }
            }
          },
          "404": {
            "description": "Not found",
            "content": {
              "application/json": {
                "schema": {
                  "$ref": "#/components/schemas/Error"
                }
              }
            }
          },
          "default": {
            "description": "unexpected error",
            "content": {
              "application/json": {
                "schema": {
                  "$ref": "#/components/schemas/Error"
                }
              }
            }
          }
        },
        "summary": "",
        "tags": [
          "Couleurs"
        ],
        "requestBody": {
          "description": "",
          "required": true,
          "content": {
            "application/json": {
              "schema": {
                "$ref": "#/components/schemas/NewCouleurs"
              }
            }
          }
        },
        "parameters": [
          {
            "name": "id",
            "in": "path",
            "description": "",
            "deprecated": false,
            "required": true,
            "schema": {
              "type": "string"
            }
          }
        ]
      },
      "delete": {
        "deprecated": false,
        "description": "Delete a single couleurs record",
        "responses": {
          "200": {
            "description": "deletes a single couleurs based on the ID supplied",
            "content": {
              "application/json": {
                "schema": {
                  "type": "integer",
                  "format": "int64"
                }
              }
            }
          },
          "403": {
            "description": "Forbidden",
            "content": {
              "application/json": {
                "schema": {
                  "$ref": "#/components/schemas/Error"
                }
              }
            }
          },
          "404": {
            "description": "Not found",
            "content": {
              "application/json": {
                "schema": {
                  "$ref": "#/components/schemas/Error"
                }
              }
            }
          },
          "default": {
            "description": "unexpected error",
            "content": {
              "application/json": {
                "schema": {
                  "$ref": "#/components/schemas/Error"
                }
              }
            }
          }
        },
        "summary": "",
        "tags": [
          "Couleurs"
        ],
        "parameters": [
          {
            "name": "id",
            "in": "path",
            "description": "",
            "deprecated": false,
            "required": true,
            "schema": {
              "type": "string"
            }
          }
        ]
      }
    }
  },
  "components": {
    "schemas": {
      "Couleurs": {
        "required": [
          "id",
          "label",
          "code"
        ],
        "properties": {
          "id": {
            "type": "string"
          },
          "label": {
            "type": "string"
          },
          "code": {
            "type": "string",
            "maxLength": 20
          },
          "receptacles": {
            "type": "array",
            "items": {
              "required": [
                "id",
                "code",
                "label",
                "code_sil"
              ],
              "properties": {
                "id": {
                  "type": "string"
                },
                "code": {
                  "type": "string"
                },
                "label": {
                  "type": "string"
                },
                "code_sil": {
                  "type": "string"
                },
                "id_img": {
                  "type": "integer"
                },
                "display_order": {
                  "type": "integer"
                },
                "timer": {
                  "type": "number"
                },
                "timer_before_result": {
                  "type": "number"
                },
                "regex": {
                  "type": "string"
                },
                "analysis": {
                  "type": "array",
                  "items": {
                    "type": "string"
                  }
                },
                "active": {
                  "type": "boolean"
                },
                "version": {
                  "type": "integer"
                },
                "analysis_h": {
                  "type": "array",
                  "items": {
                    "type": "string"
                  }
                },
                "protected_from_light": {
                  "type": "boolean"
                },
                "public_description": {
                  "type": "string"
                },
                "aliquot": {
                  "type": "boolean"
                },
                "aliquots": {
                  "type": "array",
                  "items": {
                    "type": "string"
                  }
                },
                "primary": {
                  "type": "array",
                  "items": {
                    "type": "string"
                  }
                },
                "public_description_en": {
                  "type": "string"
                },
                "public_description_de": {
                  "type": "string"
                },
                "picto": {
                  "type": "string"
                },
                "to_package": {
                  "type": "boolean"
                },
                "color": {
                  "type": "string"
                },
                "app_name": {
                  "type": "string"
                },
                "app_name_en": {
                  "type": "string"
                },
                "app_name_de": {
                  "type": "string"
                },
                "app_name_pt": {
                  "type": "string"
                },
                "color_crown": {
                  "type": "string"
                },
                "published_at": {
                  "type": "string"
                },
                "created_by": {
                  "type": "string"
                },
                "updated_by": {
                  "type": "string"
                }
              }
            }
          },
          "label_en": {
            "type": "string"
          },
          "label_de": {
            "type": "string"
          },
          "label_pt": {
            "type": "string"
          },
          "published_at": {
            "type": "string",
            "format": "date-time"
          }
        }
      },
      "NewCouleurs": {
        "required": [
          "label",
          "code"
        ],
        "properties": {
          "label": {
            "type": "string"
          },
          "code": {
            "type": "string",
            "maxLength": 20
          },
          "receptacles": {
            "type": "array",
            "items": {
              "type": "string"
            }
          },
          "label_en": {
            "type": "string"
          },
          "label_de": {
            "type": "string"
          },
          "label_pt": {
            "type": "string"
          },
          "published_at": {
            "type": "string",
            "format": "date-time"
          },
          "created_by": {
            "type": "string"
          },
          "updated_by": {
            "type": "string"
          }
        }
      }
    }
  },
  "tags": [
    {
      "name": "Couleurs"
    }
  ]
}