{
  "routes": [
    {
      "method": "GET",
      "path": "/programmes",
      "handler": "programme.find",
      "config": {
        "policies": []
      }
    },
    {
      "method": "GET",
      "path": "/programmes/count",
      "handler": "programme.count",
      "config": {
        "policies": []
      }
    },
    {
      "method": "GET",
      "path": "/programmes/:id",
      "handler": "programme.findOne",
      "config": {
        "policies": []
      }
    },
    {
      "method": "POST",
      "path": "/programmes",
      "handler": "programme.create",
      "config": {
        "policies": []
      }
    },
    {
      "method": "PUT",
      "path": "/programmes/:id",
      "handler": "programme.update",
      "config": {
        "policies": []
      }
    },
    {
      "method": "DELETE",
      "path": "/programmes/:id",
      "handler": "programme.delete",
      "config": {
        "policies": []
      }
    }
  ]
}
