{
  "routes": [
    {
      "method": "GET",
      "path": "/documents",
      "handler": "document.find",
      "config": {
        "policies": []
      }
    },
    {
      "method": "GET",
      "path": "/documents/count",
      "handler": "document.count",
      "config": {
        "policies": []
      }
    },
    {
      "method": "GET",
      "path": "/documents/:id",
      "handler": "document.findOne",
      "config": {
        "policies": []
      }
    },
    {
      "method": "POST",
      "path": "/documents",
      "handler": "document.create",
      "config": {
        "policies": []
      }
    },
    {
      "method": "PUT",
      "path": "/documents/:id",
      "handler": "document.update",
      "config": {
        "policies": []
      }
    },
    {
      "method": "DELETE",
      "path": "/documents/:id",
      "handler": "document.delete",
      "config": {
        "policies": []
      }
    }
  ]
}
