{
  "routes": [
    {
      "method": "GET",
      "path": "/days",
      "handler": "day.find",
      "config": {
        "policies": []
      }
    },
    {
      "method": "GET",
      "path": "/days/count",
      "handler": "day.count",
      "config": {
        "policies": []
      }
    },
    {
      "method": "GET",
      "path": "/days/:id",
      "handler": "day.findOne",
      "config": {
        "policies": []
      }
    },
    {
      "method": "POST",
      "path": "/days",
      "handler": "day.create",
      "config": {
        "policies": []
      }
    },
    {
      "method": "PUT",
      "path": "/days/:id",
      "handler": "day.update",
      "config": {
        "policies": []
      }
    },
    {
      "method": "DELETE",
      "path": "/days/:id",
      "handler": "day.delete",
      "config": {
        "policies": []
      }
    }
  ]
}
