{
  "kind": "collectionType",
  "collectionName": "document",
  "info": {
    "name": "document",
    "description": ""
  },
  "options": {
    "increments": true,
    "timestamps": true,
    "draftAndPublish": false
  },
  "pluginOptions": {},
  "attributes": {
    "code": {
      "type": "string",
      "required": true,
      "unique": true
    },
    "label": {
      "type": "string"
    },
    "file_fr": {
      "model": "file",
      "via": "related",
      "allowedTypes": [
        "files"
      ],
      "plugin": "upload",
      "required": false,
      "pluginOptions": {}
    },
    "file_en": {
      "model": "file",
      "via": "related",
      "allowedTypes": [
        "files"
      ],
      "plugin": "upload",
      "required": false,
      "pluginOptions": {}
    },
    "file_de": {
      "model": "file",
      "via": "related",
      "allowedTypes": [
        "files"
      ],
      "plugin": "upload",
      "required": false,
      "pluginOptions": {}
    }
  }
}
