{
  "routes": [
    {
      "method": "GET",
      "path": "/analysers",
      "handler": "analyser.find",
      "config": {
        "policies": []
      }
    },
    {
      "method": "GET",
      "path": "/analysers/count",
      "handler": "analyser.count",
      "config": {
        "policies": []
      }
    },
    {
      "method": "GET",
      "path": "/analysers/:id",
      "handler": "analyser.findOne",
      "config": {
        "policies": []
      }
    },
    {
      "method": "POST",
      "path": "/analysers",
      "handler": "analyser.create",
      "config": {
        "policies": []
      }
    },
    {
      "method": "PUT",
      "path": "/analysers/:id",
      "handler": "analyser.update",
      "config": {
        "policies": []
      }
    },
    {
      "method": "DELETE",
      "path": "/analysers/:id",
      "handler": "analyser.delete",
      "config": {
        "policies": []
      }
    }
  ]
}
