{
  "paths": {
    "/pricings": {
      "get": {
        "deprecated": false,
        "description": "",
        "responses": {
          "200": {
            "description": "response",
            "content": {
              "application/json": {
                "schema": {
                  "type": "array",
                  "items": {
                    "$ref": "#/components/schemas/Pricing"
                  }
                }
              }
            }
          },
          "403": {
            "description": "Forbidden",
            "content": {
              "application/json": {
                "schema": {
                  "$ref": "#/components/schemas/Error"
                }
              }
            }
          },
          "404": {
            "description": "Not found",
            "content": {
              "application/json": {
                "schema": {
                  "$ref": "#/components/schemas/Error"
                }
              }
            }
          },
          "default": {
            "description": "unexpected error",
            "content": {
              "application/json": {
                "schema": {
                  "$ref": "#/components/schemas/Error"
                }
              }
            }
          }
        },
        "summary": "",
        "tags": [
          "Pricing"
        ],
        "parameters": [
          {
            "name": "_limit",
            "in": "query",
            "required": false,
            "description": "Maximum number of results possible",
            "schema": {
              "type": "integer"
            },
            "deprecated": false
          },
          {
            "name": "_sort",
            "in": "query",
            "required": false,
            "description": "Sort according to a specific field.",
            "schema": {
              "type": "string"
            },
            "deprecated": false
          },
          {
            "name": "_start",
            "in": "query",
            "required": false,
            "description": "Skip a specific number of entries (especially useful for pagination)",
            "schema": {
              "type": "integer"
            },
            "deprecated": false
          },
          {
            "name": "=",
            "in": "query",
            "required": false,
            "description": "Get entries that matches exactly your input",
            "schema": {
              "type": "string"
            },
            "deprecated": false
          },
          {
            "name": "_ne",
            "in": "query",
            "required": false,
            "description": "Get records that are not equals to something",
            "schema": {
              "type": "string"
            },
            "deprecated": false
          },
          {
            "name": "_lt",
            "in": "query",
            "required": false,
            "description": "Get record that are lower than a value",
            "schema": {
              "type": "string"
            },
            "deprecated": false
          },
          {
            "name": "_lte",
            "in": "query",
            "required": false,
            "description": "Get records that are lower than or equal to a value",
            "schema": {
              "type": "string"
            },
            "deprecated": false
          },
          {
            "name": "_gt",
            "in": "query",
            "required": false,
            "description": "Get records that are greater than a value",
            "schema": {
              "type": "string"
            },
            "deprecated": false
          },
          {
            "name": "_gte",
            "in": "query",
            "required": false,
            "description": "Get records that are greater than  or equal a value",
            "schema": {
              "type": "string"
            },
            "deprecated": false
          },
          {
            "name": "_contains",
            "in": "query",
            "required": false,
            "description": "Get records that contains a value",
            "schema": {
              "type": "string"
            },
            "deprecated": false
          },
          {
            "name": "_containss",
            "in": "query",
            "required": false,
            "description": "Get records that contains (case sensitive) a value",
            "schema": {
              "type": "string"
            },
            "deprecated": false
          },
          {
            "name": "_in",
            "in": "query",
            "required": false,
            "description": "Get records that matches any value in the array of values",
            "schema": {
              "type": "array",
              "items": {
                "type": "string"
              }
            },
            "deprecated": false
          },
          {
            "name": "_nin",
            "in": "query",
            "required": false,
            "description": "Get records that doesn't match any value in the array of values",
            "schema": {
              "type": "array",
              "items": {
                "type": "string"
              }
            },
            "deprecated": false
          }
        ]
      },
      "post": {
        "deprecated": false,
        "description": "Create a new record",
        "responses": {
          "200": {
            "description": "response",
            "content": {
              "application/json": {
                "schema": {
                  "$ref": "#/components/schemas/Pricing"
                }
              }
            }
          },
          "403": {
            "description": "Forbidden",
            "content": {
              "application/json": {
                "schema": {
                  "$ref": "#/components/schemas/Error"
                }
              }
            }
          },
          "404": {
            "description": "Not found",
            "content": {
              "application/json": {
                "schema": {
                  "$ref": "#/components/schemas/Error"
                }
              }
            }
          },
          "default": {
            "description": "unexpected error",
            "content": {
              "application/json": {
                "schema": {
                  "$ref": "#/components/schemas/Error"
                }
              }
            }
          }
        },
        "summary": "",
        "tags": [
          "Pricing"
        ],
        "requestBody": {
          "description": "",
          "required": true,
          "content": {
            "application/json": {
              "schema": {
                "$ref": "#/components/schemas/NewPricing"
              }
            }
          }
        }
      }
    },
    "/pricings/count": {
      "get": {
        "deprecated": false,
        "description": "",
        "responses": {
          "200": {
            "description": "response",
            "content": {
              "application/json": {
                "schema": {
                  "properties": {
                    "count": {
                      "type": "integer"
                    }
                  }
                }
              }
            }
          },
          "403": {
            "description": "Forbidden",
            "content": {
              "application/json": {
                "schema": {
                  "$ref": "#/components/schemas/Error"
                }
              }
            }
          },
          "404": {
            "description": "Not found",
            "content": {
              "application/json": {
                "schema": {
                  "$ref": "#/components/schemas/Error"
                }
              }
            }
          },
          "default": {
            "description": "unexpected error",
            "content": {
              "application/json": {
                "schema": {
                  "$ref": "#/components/schemas/Error"
                }
              }
            }
          }
        },
        "summary": "",
        "tags": [
          "Pricing"
        ],
        "parameters": []
      }
    },
    "/pricings/{id}": {
      "get": {
        "deprecated": false,
        "description": "",
        "responses": {
          "200": {
            "description": "response",
            "content": {
              "application/json": {
                "schema": {
                  "$ref": "#/components/schemas/Pricing"
                }
              }
            }
          },
          "403": {
            "description": "Forbidden",
            "content": {
              "application/json": {
                "schema": {
                  "$ref": "#/components/schemas/Error"
                }
              }
            }
          },
          "404": {
            "description": "Not found",
            "content": {
              "application/json": {
                "schema": {
                  "$ref": "#/components/schemas/Error"
                }
              }
            }
          },
          "default": {
            "description": "unexpected error",
            "content": {
              "application/json": {
                "schema": {
                  "$ref": "#/components/schemas/Error"
                }
              }
            }
          }
        },
        "summary": "",
        "tags": [
          "Pricing"
        ],
        "parameters": [
          {
            "name": "id",
            "in": "path",
            "description": "",
            "deprecated": false,
            "required": true,
            "schema": {
              "type": "string"
            }
          }
        ]
      },
      "put": {
        "deprecated": false,
        "description": "Update a record",
        "responses": {
          "200": {
            "description": "response",
            "content": {
              "application/json": {
                "schema": {
                  "$ref": "#/components/schemas/Pricing"
                }
              }
            }
          },
          "403": {
            "description": "Forbidden",
            "content": {
              "application/json": {
                "schema": {
                  "$ref": "#/components/schemas/Error"
                }
              }
            }
          },
          "404": {
            "description": "Not found",
            "content": {
              "application/json": {
                "schema": {
                  "$ref": "#/components/schemas/Error"
                }
              }
            }
          },
          "default": {
            "description": "unexpected error",
            "content": {
              "application/json": {
                "schema": {
                  "$ref": "#/components/schemas/Error"
                }
              }
            }
          }
        },
        "summary": "",
        "tags": [
          "Pricing"
        ],
        "requestBody": {
          "description": "",
          "required": true,
          "content": {
            "application/json": {
              "schema": {
                "$ref": "#/components/schemas/NewPricing"
              }
            }
          }
        },
        "parameters": [
          {
            "name": "id",
            "in": "path",
            "description": "",
            "deprecated": false,
            "required": true,
            "schema": {
              "type": "string"
            }
          }
        ]
      },
      "delete": {
        "deprecated": false,
        "description": "Delete a record",
        "responses": {
          "200": {
            "description": "deletes a single record based on the ID supplied",
            "content": {
              "application/json": {
                "schema": {
                  "type": "integer",
                  "format": "int64"
                }
              }
            }
          },
          "403": {
            "description": "Forbidden",
            "content": {
              "application/json": {
                "schema": {
                  "$ref": "#/components/schemas/Error"
                }
              }
            }
          },
          "404": {
            "description": "Not found",
            "content": {
              "application/json": {
                "schema": {
                  "$ref": "#/components/schemas/Error"
                }
              }
            }
          },
          "default": {
            "description": "unexpected error",
            "content": {
              "application/json": {
                "schema": {
                  "$ref": "#/components/schemas/Error"
                }
              }
            }
          }
        },
        "summary": "",
        "tags": [
          "Pricing"
        ],
        "parameters": [
          {
            "name": "id",
            "in": "path",
            "description": "",
            "deprecated": false,
            "required": true,
            "schema": {
              "type": "string"
            }
          }
        ]
      }
    }
  },
  "components": {
    "schemas": {
      "Pricing": {
        "required": [
          "id",
          "code",
          "label",
          "price",
          "type",
          "version"
        ],
        "properties": {
          "id": {
            "type": "string"
          },
          "code": {
            "type": "string"
          },
          "label": {
            "type": "string"
          },
          "price": {
            "type": "number",
            "default": 0
          },
          "coefficient": {
            "type": "number",
            "default": 0
          },
          "rule_cumulation": {
            "type": "string"
          },
          "rule_best_practices": {
            "type": "string"
          },
          "comment": {
            "type": "string"
          },
          "type": {
            "type": "string",
            "enum": [
              "CNS",
              "BNXT",
              "TRSP"
            ]
          },
          "version": {
            "type": "integer",
            "default": 1
          },
          "histories": {
            "type": "array",
            "items": {
              "required": [
                "id"
              ],
              "properties": {
                "id": {
                  "type": "string"
                },
                "version": {
                  "type": "integer"
                },
                "start_date": {
                  "type": "string"
                },
                "end_date": {
                  "type": "string"
                },
                "code": {
                  "type": "string"
                },
                "label": {
                  "type": "string"
                },
                "price": {
                  "type": "number"
                },
                "coefficient": {
                  "type": "number"
                },
                "rule_cumulation": {
                  "type": "string"
                },
                "rule_best_practices": {
                  "type": "string"
                },
                "comment": {
                  "type": "string"
                },
                "type": {
                  "type": "string",
                  "enum": [
                    "CNS",
                    "BNXT"
                  ]
                },
                "code_rule_cumulation": {
                  "type": "string"
                },
                "created_by": {
                  "type": "string"
                },
                "updated_by": {
                  "type": "string"
                }
              }
            }
          },
          "code_rule_cumulation": {
            "type": "string"
          },
          "code_override": {
            "type": "string"
          },
          "unique": {
            "type": "boolean",
            "default": false
          }
        }
      },
      "NewPricing": {
        "required": [
          "code",
          "label",
          "price",
          "type",
          "version"
        ],
        "properties": {
          "code": {
            "type": "string"
          },
          "label": {
            "type": "string"
          },
          "price": {
            "type": "number",
            "default": 0
          },
          "coefficient": {
            "type": "number",
            "default": 0
          },
          "rule_cumulation": {
            "type": "string"
          },
          "rule_best_practices": {
            "type": "string"
          },
          "comment": {
            "type": "string"
          },
          "type": {
            "type": "string",
            "enum": [
              "CNS",
              "BNXT",
              "TRSP"
            ]
          },
          "version": {
            "type": "integer",
            "default": 1
          },
          "histories": {
            "type": "array",
            "items": {
              "type": "string"
            }
          },
          "code_rule_cumulation": {
            "type": "string"
          },
          "code_override": {
            "type": "string"
          },
          "unique": {
            "type": "boolean",
            "default": false
          },
          "created_by": {
            "type": "string"
          },
          "updated_by": {
            "type": "string"
          }
        }
      }
    }
  },
  "tags": [
    {
      "name": "Pricing"
    }
  ]
}