{
  "routes": [
    {
      "method": "GET",
      "path": "/pricings",
      "handler": "pricing.find",
      "config": {
        "policies": []
      }
    },
    {
      "method": "GET",
      "path": "/pricings/count",
      "handler": "pricing.count",
      "config": {
        "policies": []
      }
    },
    {
      "method": "GET",
      "path": "/pricings/:id",
      "handler": "pricing.findOne",
      "config": {
        "policies": []
      }
    },
    {
      "method": "POST",
      "path": "/pricings",
      "handler": "pricing.create",
      "config": {
        "policies": []
      }
    },
    {
      "method": "PUT",
      "path": "/pricings/:id",
      "handler": "pricing.update",
      "config": {
        "policies": []
      }
    },
    {
      "method": "DELETE",
      "path": "/pricings/:id",
      "handler": "pricing.delete",
      "config": {
        "policies": []
      }
    }
  ]
}
