{
  "routes": [
    {
      "method": "GET",
      "path": "/imports",
      "handler": "import.find",
      "config": {
        "policies": []
      }
    },
    {
      "method": "GET",
      "path": "/imports/count",
      "handler": "import.count",
      "config": {
        "policies": []
      }
    },
    {
      "method": "GET",
      "path": "/imports/:id",
      "handler": "import.findOne",
      "config": {
        "policies": []
      }
    },
    {
      "method": "POST",
      "path": "/imports",
      "handler": "import.create",
      "config": {
        "policies": []
      }
    },
    {
      "method": "PUT",
      "path": "/imports/:id",
      "handler": "import.update",
      "config": {
        "policies": []
      }
    },
    {
      "method": "DELETE",
      "path": "/imports/:id",
      "handler": "import.delete",
      "config": {
        "policies": []
      }
    }
  ]
}
