{
  "paths": {
    "/receptacles": {
      "get": {
        "deprecated": false,
        "description": "Find all the receptacles's records",
        "responses": {
          "200": {
            "description": "Retrieve receptacles document(s)",
            "content": {
              "application/json": {
                "schema": {
                  "type": "array",
                  "items": {
                    "$ref": "#/components/schemas/Receptacles"
                  }
                }
              }
            }
          },
          "403": {
            "description": "Forbidden",
            "content": {
              "application/json": {
                "schema": {
                  "$ref": "#/components/schemas/Error"
                }
              }
            }
          },
          "404": {
            "description": "Not found",
            "content": {
              "application/json": {
                "schema": {
                  "$ref": "#/components/schemas/Error"
                }
              }
            }
          },
          "default": {
            "description": "unexpected error",
            "content": {
              "application/json": {
                "schema": {
                  "$ref": "#/components/schemas/Error"
                }
              }
            }
          }
        },
        "summary": "",
        "tags": [
          "Receptacles"
        ],
        "parameters": [
          {
            "name": "_limit",
            "in": "query",
            "required": false,
            "description": "Maximum number of results possible",
            "schema": {
              "type": "integer"
            },
            "deprecated": false
          },
          {
            "name": "_sort",
            "in": "query",
            "required": false,
            "description": "Sort according to a specific field.",
            "schema": {
              "type": "string"
            },
            "deprecated": false
          },
          {
            "name": "_start",
            "in": "query",
            "required": false,
            "description": "Skip a specific number of entries (especially useful for pagination)",
            "schema": {
              "type": "integer"
            },
            "deprecated": false
          },
          {
            "name": "=",
            "in": "query",
            "required": false,
            "description": "Get entries that matches exactly your input",
            "schema": {
              "type": "string"
            },
            "deprecated": false
          },
          {
            "name": "_ne",
            "in": "query",
            "required": false,
            "description": "Get records that are not equals to something",
            "schema": {
              "type": "string"
            },
            "deprecated": false
          },
          {
            "name": "_lt",
            "in": "query",
            "required": false,
            "description": "Get record that are lower than a value",
            "schema": {
              "type": "string"
            },
            "deprecated": false
          },
          {
            "name": "_lte",
            "in": "query",
            "required": false,
            "description": "Get records that are lower than or equal to a value",
            "schema": {
              "type": "string"
            },
            "deprecated": false
          },
          {
            "name": "_gt",
            "in": "query",
            "required": false,
            "description": "Get records that are greater than a value",
            "schema": {
              "type": "string"
            },
            "deprecated": false
          },
          {
            "name": "_gte",
            "in": "query",
            "required": false,
            "description": "Get records that are greater than  or equal a value",
            "schema": {
              "type": "string"
            },
            "deprecated": false
          },
          {
            "name": "_contains",
            "in": "query",
            "required": false,
            "description": "Get records that contains a value",
            "schema": {
              "type": "string"
            },
            "deprecated": false
          },
          {
            "name": "_containss",
            "in": "query",
            "required": false,
            "description": "Get records that contains (case sensitive) a value",
            "schema": {
              "type": "string"
            },
            "deprecated": false
          },
          {
            "name": "_in",
            "in": "query",
            "required": false,
            "description": "Get records that matches any value in the array of values",
            "schema": {
              "type": "array",
              "items": {
                "type": "string"
              }
            },
            "deprecated": false
          },
          {
            "name": "_nin",
            "in": "query",
            "required": false,
            "description": "Get records that doesn't match any value in the array of values",
            "schema": {
              "type": "array",
              "items": {
                "type": "string"
              }
            },
            "deprecated": false
          }
        ]
      },
      "post": {
        "deprecated": false,
        "description": "Create a new receptacles record",
        "responses": {
          "200": {
            "description": "Retrieve receptacles document(s)",
            "content": {
              "application/json": {
                "schema": {
                  "$ref": "#/components/schemas/Receptacles"
                }
              }
            }
          },
          "403": {
            "description": "Forbidden",
            "content": {
              "application/json": {
                "schema": {
                  "$ref": "#/components/schemas/Error"
                }
              }
            }
          },
          "404": {
            "description": "Not found",
            "content": {
              "application/json": {
                "schema": {
                  "$ref": "#/components/schemas/Error"
                }
              }
            }
          },
          "default": {
            "description": "unexpected error",
            "content": {
              "application/json": {
                "schema": {
                  "$ref": "#/components/schemas/Error"
                }
              }
            }
          }
        },
        "summary": "",
        "tags": [
          "Receptacles"
        ],
        "requestBody": {
          "description": "",
          "required": true,
          "content": {
            "application/json": {
              "schema": {
                "$ref": "#/components/schemas/NewReceptacles"
              }
            }
          }
        }
      }
    },
    "/receptacles/count": {
      "get": {
        "deprecated": false,
        "description": "Retrieve the number of receptacles documents",
        "responses": {
          "200": {
            "description": "Retrieve receptacles document(s)",
            "content": {
              "application/json": {
                "schema": {
                  "properties": {
                    "count": {
                      "type": "integer"
                    }
                  }
                }
              }
            }
          },
          "403": {
            "description": "Forbidden",
            "content": {
              "application/json": {
                "schema": {
                  "$ref": "#/components/schemas/Error"
                }
              }
            }
          },
          "404": {
            "description": "Not found",
            "content": {
              "application/json": {
                "schema": {
                  "$ref": "#/components/schemas/Error"
                }
              }
            }
          },
          "default": {
            "description": "unexpected error",
            "content": {
              "application/json": {
                "schema": {
                  "$ref": "#/components/schemas/Error"
                }
              }
            }
          }
        },
        "summary": "",
        "tags": [
          "Receptacles"
        ],
        "parameters": []
      }
    },
    "/receptacles/{id}": {
      "get": {
        "deprecated": false,
        "description": "Find one receptacles record",
        "responses": {
          "200": {
            "description": "Retrieve receptacles document(s)",
            "content": {
              "application/json": {
                "schema": {
                  "$ref": "#/components/schemas/Receptacles"
                }
              }
            }
          },
          "403": {
            "description": "Forbidden",
            "content": {
              "application/json": {
                "schema": {
                  "$ref": "#/components/schemas/Error"
                }
              }
            }
          },
          "404": {
            "description": "Not found",
            "content": {
              "application/json": {
                "schema": {
                  "$ref": "#/components/schemas/Error"
                }
              }
            }
          },
          "default": {
            "description": "unexpected error",
            "content": {
              "application/json": {
                "schema": {
                  "$ref": "#/components/schemas/Error"
                }
              }
            }
          }
        },
        "summary": "",
        "tags": [
          "Receptacles"
        ],
        "parameters": [
          {
            "name": "id",
            "in": "path",
            "description": "",
            "deprecated": false,
            "required": true,
            "schema": {
              "type": "string"
            }
          }
        ]
      },
      "put": {
        "deprecated": false,
        "description": "Update a single receptacles record",
        "responses": {
          "200": {
            "description": "Retrieve receptacles document(s)",
            "content": {
              "application/json": {
                "schema": {
                  "$ref": "#/components/schemas/Receptacles"
                }
              }
            }
          },
          "403": {
            "description": "Forbidden",
            "content": {
              "application/json": {
                "schema": {
                  "$ref": "#/components/schemas/Error"
                }
              }
            }
          },
          "404": {
            "description": "Not found",
            "content": {
              "application/json": {
                "schema": {
                  "$ref": "#/components/schemas/Error"
                }
              }
            }
          },
          "default": {
            "description": "unexpected error",
            "content": {
              "application/json": {
                "schema": {
                  "$ref": "#/components/schemas/Error"
                }
              }
            }
          }
        },
        "summary": "",
        "tags": [
          "Receptacles"
        ],
        "requestBody": {
          "description": "",
          "required": true,
          "content": {
            "application/json": {
              "schema": {
                "$ref": "#/components/schemas/NewReceptacles"
              }
            }
          }
        },
        "parameters": [
          {
            "name": "id",
            "in": "path",
            "description": "",
            "deprecated": false,
            "required": true,
            "schema": {
              "type": "string"
            }
          }
        ]
      },
      "delete": {
        "deprecated": false,
        "description": "Delete a single receptacles record",
        "responses": {
          "200": {
            "description": "deletes a single receptacles based on the ID supplied",
            "content": {
              "application/json": {
                "schema": {
                  "type": "integer",
                  "format": "int64"
                }
              }
            }
          },
          "403": {
            "description": "Forbidden",
            "content": {
              "application/json": {
                "schema": {
                  "$ref": "#/components/schemas/Error"
                }
              }
            }
          },
          "404": {
            "description": "Not found",
            "content": {
              "application/json": {
                "schema": {
                  "$ref": "#/components/schemas/Error"
                }
              }
            }
          },
          "default": {
            "description": "unexpected error",
            "content": {
              "application/json": {
                "schema": {
                  "$ref": "#/components/schemas/Error"
                }
              }
            }
          }
        },
        "summary": "",
        "tags": [
          "Receptacles"
        ],
        "parameters": [
          {
            "name": "id",
            "in": "path",
            "description": "",
            "deprecated": false,
            "required": true,
            "schema": {
              "type": "string"
            }
          }
        ]
      }
    }
  },
  "components": {
    "schemas": {
      "Receptacles": {
        "required": [
          "id",
          "code",
          "label",
          "code_sil"
        ],
        "properties": {
          "id": {
            "type": "string"
          },
          "code": {
            "type": "string",
            "maxLength": 20
          },
          "label": {
            "type": "string"
          },
          "code_sil": {
            "type": "string"
          },
          "id_img": {
            "type": "integer"
          },
          "display_order": {
            "type": "integer"
          },
          "timer": {
            "type": "number"
          },
          "timer_before_result": {
            "type": "number"
          },
          "regex": {
            "type": "string"
          },
          "analysis": {
            "type": "array",
            "items": {
              "required": [
                "id",
                "code",
                "label"
              ],
              "properties": {
                "id": {
                  "type": "string"
                },
                "code": {
                  "type": "string"
                },
                "subcontracted": {
                  "type": "boolean"
                },
                "urgent": {
                  "type": "boolean"
                },
                "forbidden_at_home": {
                  "type": "boolean"
                },
                "empty_stomach": {
                  "type": "boolean"
                },
                "consent_required": {
                  "type": "boolean"
                },
                "label": {
                  "type": "string"
                },
                "laboratory": {
                  "type": "string"
                },
                "synonymous": {
                  "type": "string"
                },
                "analyser": {
                  "type": "string"
                },
                "diet": {
                  "type": "boolean"
                },
                "id_hsb": {
                  "type": "integer"
                },
                "stability_before_preprocessing": {
                  "type": "number"
                },
                "volume_pipette": {
                  "type": "number"
                },
                "time_limit_for_results": {
                  "type": "number"
                },
                "time_limit_add_analysis": {
                  "type": "number"
                },
                "receptacles": {
                  "type": "array",
                  "items": {
                    "type": "string"
                  }
                },
                "version": {
                  "type": "integer"
                },
                "code_sil": {
                  "type": "string"
                },
                "active": {
                  "type": "boolean"
                },
                "comment_preprocessing": {
                  "type": "string"
                },
                "comment_sample": {
                  "type": "string"
                },
                "comment_diet": {
                  "type": "string"
                },
                "centrifugation": {
                  "type": "string"
                },
                "days": {
                  "type": "array",
                  "items": {
                    "type": "string"
                  }
                },
                "histories": {
                  "type": "array",
                  "items": {
                    "type": "string"
                  }
                },
                "analysis_aes": {
                  "type": "array",
                  "items": {
                    "type": "string"
                  }
                },
                "prices": {
                  "type": "array",
                  "items": {
                    "type": "string"
                  }
                },
                "permissions": {
                  "type": "array",
                  "items": {
                    "type": "string"
                  }
                },
                "label_en": {
                  "type": "string"
                },
                "synonymous_en": {
                  "type": "string"
                },
                "comment_preprocessing_en": {
                  "type": "string"
                },
                "comment_sample_en": {
                  "type": "string"
                },
                "comment_diet_en": {
                  "type": "string"
                },
                "label_de": {
                  "type": "string"
                },
                "synonymous_de": {
                  "type": "string"
                },
                "comment_preprocessing_de": {
                  "type": "string"
                },
                "comment_sample_de": {
                  "type": "string"
                },
                "comment_diet_de": {
                  "type": "string"
                },
                "documents": {
                  "type": "array",
                  "items": {
                    "type": "string"
                  }
                },
                "comment_subcontractor": {
                  "type": "string"
                },
                "can_prescribe": {
                  "type": "boolean"
                },
                "private": {
                  "type": "boolean"
                },
                "booking_only": {
                  "type": "boolean"
                },
                "do_not_bill": {
                  "type": "boolean"
                },
                "prelevements": {
                  "type": "array",
                  "items": {
                    "type": "string"
                  }
                },
                "published_at": {
                  "type": "string"
                },
                "created_by": {
                  "type": "string"
                },
                "updated_by": {
                  "type": "string"
                }
              }
            }
          },
          "active": {
            "type": "boolean",
            "default": true
          },
          "version": {
            "type": "integer",
            "default": 1
          },
          "analysis_h": {
            "type": "array",
            "items": {
              "required": [
                "id"
              ],
              "properties": {
                "id": {
                  "type": "string"
                },
                "code": {
                  "type": "string"
                },
                "code_aes": {
                  "type": "string"
                },
                "code_cns": {
                  "type": "string"
                },
                "subcontracted": {
                  "type": "boolean"
                },
                "urgent": {
                  "type": "boolean"
                },
                "forbidden_at_home": {
                  "type": "boolean"
                },
                "empty_stomach": {
                  "type": "boolean"
                },
                "consent_required": {
                  "type": "boolean"
                },
                "label": {
                  "type": "string"
                },
                "laboratory": {
                  "type": "string"
                },
                "synonymous": {
                  "type": "string"
                },
                "analyser": {
                  "type": "string"
                },
                "diet": {
                  "type": "boolean"
                },
                "id_hsb": {
                  "type": "integer"
                },
                "stability_before_preprocessing": {
                  "type": "number"
                },
                "volume_pipette": {
                  "type": "number"
                },
                "time_limit_for_results": {
                  "type": "number"
                },
                "time_limit_add_analysis": {
                  "type": "number"
                },
                "version": {
                  "type": "integer"
                },
                "comment_preprocessing": {
                  "type": "string"
                },
                "code_sil": {
                  "type": "string"
                },
                "comment_sample": {
                  "type": "string"
                },
                "comment_diet": {
                  "type": "string"
                },
                "centrifugation": {
                  "type": "string"
                },
                "days": {
                  "type": "array",
                  "items": {
                    "type": "string"
                  }
                },
                "start_date": {
                  "type": "string"
                },
                "end_date": {
                  "type": "string"
                },
                "active": {
                  "type": "boolean"
                },
                "receptacles": {
                  "type": "array",
                  "items": {
                    "type": "string"
                  }
                },
                "prices": {
                  "type": "array",
                  "items": {
                    "type": "string"
                  }
                },
                "analysis_aes": {
                  "type": "array",
                  "items": {
                    "type": "string"
                  }
                },
                "permissions": {
                  "type": "array",
                  "items": {
                    "type": "string"
                  }
                },
                "label_en": {
                  "type": "string"
                },
                "label_de": {
                  "type": "string"
                },
                "synonymous_en": {
                  "type": "string"
                },
                "synonymous_de": {
                  "type": "string"
                },
                "comment_preprocessing_en": {
                  "type": "string"
                },
                "comment_preprocessing_de": {
                  "type": "string"
                },
                "comment_sample_en": {
                  "type": "string"
                },
                "comment_sample_de": {
                  "type": "string"
                },
                "comment_diet_en": {
                  "type": "string"
                },
                "comment_diet_de": {
                  "type": "string"
                },
                "documents": {
                  "type": "array",
                  "items": {
                    "type": "string"
                  }
                },
                "created_by": {
                  "type": "string"
                },
                "updated_by": {
                  "type": "string"
                }
              }
            }
          },
          "protected_from_light": {
            "type": "boolean",
            "default": false
          },
          "public_description": {
            "type": "string"
          },
          "aliquot": {
            "type": "boolean",
            "default": false
          },
          "aliquots": {
            "type": "array",
            "items": {
              "required": [
                "id",
                "code",
                "label",
                "code_sil"
              ],
              "properties": {
                "id": {
                  "type": "string"
                },
                "code": {
                  "type": "string"
                },
                "label": {
                  "type": "string"
                },
                "code_sil": {
                  "type": "string"
                },
                "id_img": {
                  "type": "integer"
                },
                "display_order": {
                  "type": "integer"
                },
                "timer": {
                  "type": "number"
                },
                "timer_before_result": {
                  "type": "number"
                },
                "regex": {
                  "type": "string"
                },
                "analysis": {
                  "type": "array",
                  "items": {
                    "type": "string"
                  }
                },
                "active": {
                  "type": "boolean"
                },
                "version": {
                  "type": "integer"
                },
                "analysis_h": {
                  "type": "array",
                  "items": {
                    "type": "string"
                  }
                },
                "protected_from_light": {
                  "type": "boolean"
                },
                "public_description": {
                  "type": "string"
                },
                "aliquot": {
                  "type": "boolean"
                },
                "aliquots": {
                  "type": "array",
                  "items": {
                    "type": "string"
                  }
                },
                "primary": {
                  "type": "array",
                  "items": {
                    "type": "string"
                  }
                },
                "public_description_en": {
                  "type": "string"
                },
                "public_description_de": {
                  "type": "string"
                },
                "picto": {
                  "type": "string"
                },
                "to_package": {
                  "type": "boolean"
                },
                "color": {
                  "type": "string"
                },
                "app_name": {
                  "type": "string"
                },
                "app_name_en": {
                  "type": "string"
                },
                "app_name_de": {
                  "type": "string"
                },
                "app_name_pt": {
                  "type": "string"
                },
                "color_crown": {
                  "type": "string"
                },
                "published_at": {
                  "type": "string"
                },
                "created_by": {
                  "type": "string"
                },
                "updated_by": {
                  "type": "string"
                }
              }
            }
          },
          "primary": {
            "type": "array",
            "items": {
              "required": [
                "id",
                "code",
                "label",
                "code_sil"
              ],
              "properties": {
                "id": {
                  "type": "string"
                },
                "code": {
                  "type": "string"
                },
                "label": {
                  "type": "string"
                },
                "code_sil": {
                  "type": "string"
                },
                "id_img": {
                  "type": "integer"
                },
                "display_order": {
                  "type": "integer"
                },
                "timer": {
                  "type": "number"
                },
                "timer_before_result": {
                  "type": "number"
                },
                "regex": {
                  "type": "string"
                },
                "analysis": {
                  "type": "array",
                  "items": {
                    "type": "string"
                  }
                },
                "active": {
                  "type": "boolean"
                },
                "version": {
                  "type": "integer"
                },
                "analysis_h": {
                  "type": "array",
                  "items": {
                    "type": "string"
                  }
                },
                "protected_from_light": {
                  "type": "boolean"
                },
                "public_description": {
                  "type": "string"
                },
                "aliquot": {
                  "type": "boolean"
                },
                "aliquots": {
                  "type": "array",
                  "items": {
                    "type": "string"
                  }
                },
                "primary": {
                  "type": "array",
                  "items": {
                    "type": "string"
                  }
                },
                "public_description_en": {
                  "type": "string"
                },
                "public_description_de": {
                  "type": "string"
                },
                "picto": {
                  "type": "string"
                },
                "to_package": {
                  "type": "boolean"
                },
                "color": {
                  "type": "string"
                },
                "app_name": {
                  "type": "string"
                },
                "app_name_en": {
                  "type": "string"
                },
                "app_name_de": {
                  "type": "string"
                },
                "app_name_pt": {
                  "type": "string"
                },
                "color_crown": {
                  "type": "string"
                },
                "published_at": {
                  "type": "string"
                },
                "created_by": {
                  "type": "string"
                },
                "updated_by": {
                  "type": "string"
                }
              }
            }
          },
          "public_description_en": {
            "type": "string"
          },
          "public_description_de": {
            "type": "string"
          },
          "picto": {
            "required": [
              "id",
              "code"
            ],
            "properties": {
              "id": {
                "type": "string"
              },
              "code": {
                "type": "string"
              },
              "file": {
                "type": "string"
              },
              "label": {
                "type": "string"
              },
              "created_by": {
                "type": "string"
              },
              "updated_by": {
                "type": "string"
              }
            }
          },
          "to_package": {
            "type": "boolean"
          },
          "color": {
            "required": [
              "id",
              "label",
              "code"
            ],
            "properties": {
              "id": {
                "type": "string"
              },
              "label": {
                "type": "string"
              },
              "code": {
                "type": "string"
              },
              "receptacles": {
                "type": "array",
                "items": {
                  "type": "string"
                }
              },
              "label_en": {
                "type": "string"
              },
              "label_de": {
                "type": "string"
              },
              "label_pt": {
                "type": "string"
              },
              "published_at": {
                "type": "string"
              },
              "created_by": {
                "type": "string"
              },
              "updated_by": {
                "type": "string"
              }
            }
          },
          "app_name": {
            "type": "string"
          },
          "app_name_en": {
            "type": "string"
          },
          "app_name_de": {
            "type": "string"
          },
          "app_name_pt": {
            "type": "string"
          },
          "color_crown": {
            "required": [
              "id",
              "label",
              "code"
            ],
            "properties": {
              "id": {
                "type": "string"
              },
              "label": {
                "type": "string"
              },
              "code": {
                "type": "string"
              },
              "receptacles": {
                "type": "array",
                "items": {
                  "type": "string"
                }
              },
              "label_en": {
                "type": "string"
              },
              "label_de": {
                "type": "string"
              },
              "label_pt": {
                "type": "string"
              },
              "published_at": {
                "type": "string"
              },
              "created_by": {
                "type": "string"
              },
              "updated_by": {
                "type": "string"
              }
            }
          },
          "published_at": {
            "type": "string",
            "format": "date-time"
          }
        }
      },
      "NewReceptacles": {
        "required": [
          "code",
          "label",
          "code_sil"
        ],
        "properties": {
          "code": {
            "type": "string",
            "maxLength": 20
          },
          "label": {
            "type": "string"
          },
          "code_sil": {
            "type": "string"
          },
          "id_img": {
            "type": "integer"
          },
          "display_order": {
            "type": "integer"
          },
          "timer": {
            "type": "number"
          },
          "timer_before_result": {
            "type": "number"
          },
          "regex": {
            "type": "string"
          },
          "analysis": {
            "type": "array",
            "items": {
              "type": "string"
            }
          },
          "active": {
            "type": "boolean",
            "default": true
          },
          "version": {
            "type": "integer",
            "default": 1
          },
          "analysis_h": {
            "type": "array",
            "items": {
              "type": "string"
            }
          },
          "protected_from_light": {
            "type": "boolean",
            "default": false
          },
          "public_description": {
            "type": "string"
          },
          "aliquot": {
            "type": "boolean",
            "default": false
          },
          "aliquots": {
            "type": "array",
            "items": {
              "type": "string"
            }
          },
          "primary": {
            "type": "array",
            "items": {
              "type": "string"
            }
          },
          "public_description_en": {
            "type": "string"
          },
          "public_description_de": {
            "type": "string"
          },
          "picto": {
            "type": "string"
          },
          "to_package": {
            "type": "boolean"
          },
          "color": {
            "type": "string"
          },
          "app_name": {
            "type": "string"
          },
          "app_name_en": {
            "type": "string"
          },
          "app_name_de": {
            "type": "string"
          },
          "app_name_pt": {
            "type": "string"
          },
          "color_crown": {
            "type": "string"
          },
          "published_at": {
            "type": "string",
            "format": "date-time"
          },
          "created_by": {
            "type": "string"
          },
          "updated_by": {
            "type": "string"
          }
        }
      }
    }
  },
  "tags": [
    {
      "name": "Receptacles"
    }
  ]
}